Time (ps),Potential (kJ/mol)
0.000000,1682.777588

1.000000,457.363953

2.000000,-972.597595

3.000000,-2360.465088

4.000000,-3439.543213

